comment_id,comment_url,commenter_id,commenter_url,commenter_name,commenter_meta,comment_text,comment_time,comment_image,comment_reactors,comment_reactions,comment_reaction_count,replies
880483462908810,https://facebook.com/880483462908810,712566500,,William Lim,,"We are 3 jabs in ladies and gentlemen., going onto the 4th. Any other product that fails like this would've been knocked off the shelves and its maker sued. These will not end until it make its way into the childhood immunization program. Follow the money",2022-06-27 00:00:00,,[],,,"[{'comment_id': '1216910492397632', 'comment_url': 'https://facebook.com/1216910492397632', 'commenter_id': '100050074590572', 'commenter_url': None, 'commenter_name': 'Luke Joseph', 'commenter_meta': None, 'comment_text': 'William Lim\n\nScreenshots Of Suspected Vaccine Injuries Singapore https://t.me/\nsgssofsuspectedv\naxinjuries', 'comment_time': datetime.datetime(2022, 6, 27, 0, 0), 'comment_image': 'https://t.me/sgssofsuspectedvaxinjuries', 'comment_reactors': [], 'comment_reactions': None, 'comment_reaction_count': None}, {'comment_id': '370052038572999', 'comment_url': 'https://facebook.com/370052038572999', 'commenter_id': '1622576193', 'commenter_url': None, 'commenter_name': 'Vince WeiHong', 'commenter_meta': None, 'comment_text': 'William Lim i dont think you understand how vaccines work...', 'comment_time': datetime.datetime(2022, 6, 27, 0, 0), 'comment_image': None, 'comment_reactors': [], 'comment_reactions': None, 'comment_reaction_count': None}, {'comment_id': '758252841989710', 'comment_url': 'https://facebook.com/758252841989710', 'commenter_id': '100000567518954', 'commenter_url': None, 'commenter_name': 'Alan Li', 'commenter_meta': None, 'comment_text': ""Vince WeiHong Exceot flu shots work but this COVID shot doesn't work"", 'comment_time': datetime.datetime(2022, 6, 27, 0, 0), 'comment_image': None, 'comment_reactors': [], 'comment_reactions': None, 'comment_reaction_count': None}, {'comment_id': '2270122949796812', 'comment_url': 'https://facebook.com/2270122949796812', 'commenter_id': '1536185286', 'commenter_url': None, 'commenter_name': 'Danny Yang', 'commenter_meta': None, 'comment_text': ""Alan Li flu shot works? Probably, those man made flu vaccine antigen managed to shield off those flu's retrovirus..onl\ny for a period. After that the flu vaccine wanes over time. Then, one got to hv it again n again..\nThese medical researchers/ scientists hv all the times coming up with those flu vaccines..by going thru few years of trials. A requirement by those western Medical Boards.\nNot the same case as those covid vaccines..they short- cut the proper procedure, that require few years of trials.\nSay way u like on these man made vaccines...thei\nr antigen don't kill those viruses..its only acting as a kind of shield to try to protect living T cells..thats all. One can never able to ' kill' these airborne viruses..cos, these viruses were all spiritual linked.\nCan u kill a ghost?"", 'comment_time': datetime.datetime(2022, 6, 27, 0, 0), 'comment_image': None, 'comment_reactors': [], 'comment_reactions': None, 'comment_reaction_count': None}, {'comment_id': '3235508463430107', 'comment_url': 'https://facebook.com/3235508463430107', 'commenter_id': '100000567518954', 'commenter_url': None, 'commenter_name': 'Alan Li', 'commenter_meta': None, 'comment_text': ""Danny Yang Flu shot covers multiple variants whereas COVID shot only target 1 specific variant or subvariant so immunity tend to drop more quickly, that's why they need to develop a universal vaccine that can cover all future variants so that people doesn't have to keep jabbing omce every few months."", 'comment_time': datetime.datetime(2022, 6, 27, 0, 0), 'comment_image': None, 'comment_reactors': [], 'comment_reactions': None, 'comment_reaction_count': None}, {'comment_id': '597795485293851', 'comment_url': 'https://facebook.com/597795485293851', 'commenter_id': '100011456703558', 'commenter_url': None, 'commenter_name': ""Don'tanyhow Leh"", 'commenter_meta': None, 'comment_text': 'Vince WeiHong\nSo, how does the Covid-19 vaccine work?\nKindly, share your expert opinion.', 'comment_time': datetime.datetime(2022, 6, 27, 0, 0), 'comment_image': None, 'comment_reactors': [], 'comment_reactions': None, 'comment_reaction_count': None}, {'comment_id': '327330136145193', 'comment_url': 'https://facebook.com/327330136145193', 'commenter_id': '1536185286', 'commenter_url': None, 'commenter_name': 'Danny Yang', 'commenter_meta': None, 'comment_text': 'Alan Li So, u r the believer on those vaccines?\nNon deadly Cold flu ( retrovirus) been with us for 150 years or more.\nMedical researchers/ scientists hv all the time researching n searching for the right vaccine..by going thru trial after trials for years..before they claiming it as quite safe for human.\nAs for the current coronavirus vaccines, it was hastily approved to tackle this pandemic of deadly coronavirus..wi\nthout having to go thru those proper trials set by those Medical Boards..', 'comment_time': datetime.datetime(2022, 6, 27, 0, 0), 'comment_image': None, 'comment_reactors': [], 'comment_reactions': None, 'comment_reaction_count': None}, {'comment_id': '1692123681145096', 'comment_url': 'https://facebook.com/1692123681145096', 'commenter_id': '100011326156416', 'commenter_url': None, 'commenter_name': 'Jayden Yu', 'commenter_meta': None, 'comment_text': 'Vince WeiHong I think you know how to find this one below. It is recent.\n\n""The Omicron subvariants BA.4 and BA.5 are better at evading immune protection than versions of the virus, whether you have antibodies from vaccination or a prior Covid infection.\n\n‚ÄúThey‚Äôre the Houdini of Covid,‚Äù one infectious disease specialist said.""', 'comment_time': datetime.datetime(2022, 6, 27, 0, 0), 'comment_image': None, 'comment_reactors': [], 'comment_reactions': None, 'comment_reaction_count': None}, {'comment_id': '449647176669015', 'comment_url': 'https://facebook.com/449647176669015', 'commenter_id': '758655091', 'commenter_url': None, 'commenter_name': 'Shin Shin', 'commenter_meta': None, 'comment_text': ""William Lim the science is there. Many country already drop the vaccine mandate. No vds whatsoever. Obviously the vaccine doesn't work."", 'comment_time': datetime.datetime(2022, 6, 27, 0, 0), 'comment_image': None, 'comment_reactors': [], 'comment_reactions': None, 'comment_reaction_count': None}, {'comment_id': '5200747166682547', 'comment_url': 'https://facebook.com/5200747166682547', 'commenter_id': '650829867', 'commenter_url': None, 'commenter_name': 'Kim Min', 'commenter_meta': None, 'comment_text': ""Don'tanyhow Leh its actually a simple logic.\nFirstly a novel virus, a ever mutating virus. You, me and many others not smart enough to invent one vaccine to cure all.\nGood news is, virus shld reach a peak point, when and where, we also not smart enough to know.\nEven HIV which is around for so long, took a long time to have breakthrough.\nSo, no choice have to update vaccine.\nEven your childhood vaccination took time to develop. Last time its like several jabs, now its like one jab equals several jabs"", 'comment_time': datetime.datetime(2022, 6, 27, 0, 0), 'comment_image': None, 'comment_reactors': [], 'comment_reactions': None, 'comment_reaction_count': None}, {'comment_id': '1513092445793086', 'comment_url': 'https://facebook.com/1513092445793086', 'commenter_id': '100011456703558', 'commenter_url': None, 'commenter_name': ""Don'tanyhow Leh"", 'commenter_meta': None, 'comment_text': ""Kim Min\nYah... we are all not smart enough to invent the vax cuz we are all from different disciplines but also, simple logic is that we are not stupid enough to take a vax that's been thrown out in a couple of months. Guess, you are smart enough to keep jabbing. üòÜ"", 'comment_time': datetime.datetime(2022, 6, 27, 0, 0), 'comment_image': None, 'comment_reactors': [], 'comment_reactions': None, 'comment_reaction_count': None}, {'comment_id': '785036095841433', 'comment_url': 'https://facebook.com/785036095841433', 'commenter_id': '650829867', 'commenter_url': None, 'commenter_name': 'Kim Min', 'commenter_meta': None, 'comment_text': ""Don'tanyhow Leh dun like that say leh, its saying we stupid leh.\nLast time we take childhood vaccination need several shots, now lesser shots leh."", 'comment_time': datetime.datetime(2022, 6, 27, 0, 0), 'comment_image': None, 'comment_reactors': [], 'comment_reactions': None, 'comment_reaction_count': None}, {'comment_id': '720476769030761', 'comment_url': 'https://facebook.com/720476769030761', 'commenter_id': '100011456703558', 'commenter_url': None, 'commenter_name': ""Don'tanyhow Leh"", 'commenter_meta': None, 'comment_text': ""Kim Min\nDifferent shots for different sickness not keep boostering for the same sickness mah. I give way to the brave ppl. Chiong arrrrr... I'll just be a bystander & watch. üòÜ"", 'comment_time': datetime.datetime(2022, 6, 27, 0, 0), 'comment_image': None, 'comment_reactors': [], 'comment_reactions': None, 'comment_reaction_count': None}, {'comment_id': '578101980378309', 'comment_url': 'https://facebook.com/578101980378309', 'commenter_id': '650829867', 'commenter_url': None, 'commenter_name': 'Kim Min', 'commenter_meta': None, 'comment_text': ""Don'tanyhow Leh same same but different mah. Different variation.\nAnd technically cant cure virus, if can cure we won't hv common flu liao. At max is increase immunity"", 'comment_time': datetime.datetime(2022, 6, 27, 0, 0), 'comment_image': None, 'comment_reactors': [], 'comment_reactions': None, 'comment_reaction_count': None}, {'comment_id': '715872939472882', 'comment_url': 'https://facebook.com/715872939472882', 'commenter_id': '100011383871149', 'commenter_url': None, 'commenter_name': 'Ace Nerdbuster', 'commenter_meta': None, 'comment_text': 'Vince WeiHong so you are the expert?', 'comment_time': datetime.datetime(2022, 6, 27, 0, 0), 'comment_image': None, 'comment_reactors': [], 'comment_reactions': None, 'comment_reaction_count': None}, {'comment_id': '580865013622653', 'comment_url': 'https://facebook.com/580865013622653', 'commenter_id': '1536185286', 'commenter_url': None, 'commenter_name': 'Danny Yang', 'commenter_meta': None, 'comment_text': ""Alan Li these spiritual elements ( viruses) coming from the Darkside, once enter ( infected) the human body..their immediate target is to invade the purity / sacredness by going after the purity blood system n spiritual head.\nThose vaccines only protect the body's T cells. If those vaccines antigen were to protect the head's functionalities\n..probably, there is hope.. unfortunately, its not."", 'comment_time': datetime.datetime(2022, 6, 27, 0, 0), 'comment_image': None, 'comment_reactors': [], 'comment_reactions': None, 'comment_reaction_count': None}, {'comment_id': '449455577029099', 'comment_url': 'https://facebook.com/449455577029099', 'commenter_id': '100011456703558', 'commenter_url': None, 'commenter_name': ""Don'tanyhow Leh"", 'commenter_meta': None, 'comment_text': ""Kim Min\nSimply put, I just don't trust this vax & a man created virus. These are all planned & an agenda of WEF. Good luck to you."", 'comment_time': datetime.datetime(2022, 6, 27, 0, 0), 'comment_image': None, 'comment_reactors': [], 'comment_reactions': None, 'comment_reaction_count': None}, {'comment_id': '373231631401602', 'comment_url': 'https://facebook.com/373231631401602', 'commenter_id': '100014355167958', 'commenter_url': None, 'commenter_name': 'Queenie Queenie', 'commenter_meta': None, 'comment_text': 'Kim Min this covid vaccine is still experimental vaccine unlike our childhood vaccine already proven safe with the number of years tested before given in mass to the rest of the world children..', 'comment_time': datetime.datetime(2022, 6, 27, 0, 0), 'comment_image': None, 'comment_reactors': [], 'comment_reactions': None, 'comment_reaction_count': None}, {'comment_id': '2700822270053081', 'comment_url': 'https://facebook.com/2700822270053081', 'commenter_id': '650829867', 'commenter_url': None, 'commenter_name': 'Kim Min', 'commenter_meta': None, 'comment_text': 'Queenie Queenie same logic lah. You sure when your parents, grandparents or even great grand parents took the earlier vaccines is 100% safe mah?\nOf course anyone can choose not to take the vaccines.', 'comment_time': datetime.datetime(2022, 6, 27, 0, 0), 'comment_image': None, 'comment_reactors': [], 'comment_reactions': None, 'comment_reaction_count': None}]"
459732778840110,https://facebook.com/459732778840110,544485848,,Maressa Zahirah,,"3 jabs, and I caught covid a couple of weeks ago. The only thing I suffered was mucus and phlegm. No fever, no pain, no cough, etc. I am pretty sure the jabs have worked its wonders for me.",2022-06-27 00:00:00,,[],,,"[{'comment_id': '749014552984077', 'comment_url': 'https://facebook.com/749014552984077', 'commenter_id': '1390476344', 'commenter_url': None, 'commenter_name': 'Robin Chen', 'commenter_meta': None, 'comment_text': 'Maressa Zahirah dont stop at 3..the more the better..', 'comment_time': datetime.datetime(2022, 6, 27, 0, 0), 'comment_image': None, 'comment_reactors': [], 'comment_reactions': None, 'comment_reaction_count': None}, {'comment_id': '1473660569732124', 'comment_url': 'https://facebook.com/1473660569732124', 'commenter_id': '100002917030296', 'commenter_url': None, 'commenter_name': 'Janice Fredah Ti', 'commenter_meta': None, 'comment_text': 'Maressa Zahirah please stop being ridiculous. People have mild covid even before those vax are being made available.\n\nCurrently my sis (3 dose) and my daughter (unvax) both have covid. Sis is very sick for few days with defined lines on her saliva test while daughter only hv slight sore throat wth no fever or any body ache. Both her tests also showed very faint second lines that can hardly be seen. Again, mild covid cannot be attributed to vax. U may also want to know that vax people are more susceptible to latest variants and there is scientific explanation to that. Check that out please.', 'comment_time': datetime.datetime(2022, 6, 27, 0, 0), 'comment_image': None, 'comment_reactors': [], 'comment_reactions': None, 'comment_reaction_count': None}, {'comment_id': '1143883866342276', 'comment_url': 'https://facebook.com/1143883866342276', 'commenter_id': '1754061549', 'commenter_url': None, 'commenter_name': 'Henry Tan', 'commenter_meta': None, 'comment_text': 'Maressa Zahirah I am not vaxed. I recovered within a week.', 'comment_time': datetime.datetime(2022, 6, 27, 0, 0), 'comment_image': None, 'comment_reactors': [], 'comment_reactions': None, 'comment_reaction_count': None}, {'comment_id': '1103909033538217', 'comment_url': 'https://facebook.com/1103909033538217', 'commenter_id': '701961093', 'commenter_url': None, 'commenter_name': 'Faith Sun', 'commenter_meta': None, 'comment_text': 'Maressa Zahirah Read and be educated. https://\nwww.forbes.com/\nsites/brucelee/\n2022/07/03/\nis-omicron-ba5-w\norst-version-of\n-covid-19-coron\navirus-seen/', 'comment_time': datetime.datetime(2022, 6, 27, 0, 0), 'comment_image': 'https://www.forbes.com/sites/brucelee/2022/07/03/is-omicron-ba5-worst-version-of-covid-19-coronavirus-seen/', 'comment_reactors': [], 'comment_reactions': None, 'comment_reaction_count': None}, {'comment_id': '1076788333222189', 'comment_url': 'https://facebook.com/1076788333222189', 'commenter_id': '734761150', 'commenter_url': None, 'commenter_name': 'Sahren Kamis', 'commenter_meta': None, 'comment_text': 'Maressa Zahirah You are fooled.. its actually your natural immune system which did the job.. My family aged range from 67yrs-15yrs and are unvax..All survive mild symtoms too..Duhhh', 'comment_time': datetime.datetime(2022, 6, 27, 0, 0), 'comment_image': None, 'comment_reactors': [], 'comment_reactions': None, 'comment_reaction_count': None}, {'comment_id': '1424567561391468', 'comment_url': 'https://facebook.com/1424567561391468', 'commenter_id': '684931978', 'commenter_url': None, 'commenter_name': 'Luminin Lim', 'commenter_meta': None, 'comment_text': 'Maressa Zahirah Only God Himself can make evil ppl blinded to keep take such poisons... even after the truth is out.. they will still Q for it and say its the best for them', 'comment_time': datetime.datetime(2022, 6, 27, 0, 0), 'comment_image': None, 'comment_reactors': [], 'comment_reactions': None, 'comment_reaction_count': None}, {'comment_id': '579524420291015', 'comment_url': 'https://facebook.com/579524420291015', 'commenter_id': '1365143125', 'commenter_url': None, 'commenter_name': 'Paul Blake', 'commenter_meta': None, 'comment_text': ""Maressa Zahirah I know many who have not had the vaccine that have had the same systems as you have suggested so don't be fast to say the vaccine did the job"", 'comment_time': datetime.datetime(2022, 6, 27, 0, 0), 'comment_image': None, 'comment_reactors': [], 'comment_reactions': None, 'comment_reaction_count': None}, {'comment_id': '3253252728255416', 'comment_url': 'https://facebook.com/3253252728255416', 'commenter_id': '100050915382122', 'commenter_url': None, 'commenter_name': 'Danny Yang', 'commenter_meta': None, 'comment_text': 'Robin Chen if possible take those vaccines for your breakfast, lunch n dinner. Some more hor, vaccine makers claiming their vaccine boost the body immune system. If one having strong immune system, your body able to fight off those illnesses n diseases...eg cancer.\nSo, ppl like u..go n hv more vaccines to help boost yr immune system, help u to live up to 500 years or more!', 'comment_time': datetime.datetime(2022, 6, 27, 0, 0), 'comment_image': None, 'comment_reactors': [], 'comment_reactions': None, 'comment_reaction_count': None}, {'comment_id': '5850849398277459', 'comment_url': 'https://facebook.com/5850849398277459', 'commenter_id': '100050915382122', 'commenter_url': None, 'commenter_name': 'Danny Yang', 'commenter_meta': None, 'comment_text': ""Janice Fredah Ti stupid ppl having this logics..' vaccination help u to be infected with mild symptoms '.\n97% population were vaccinated, weekly average infected cases hitting 9000 cases. Can say that vaccinated ppl getting infected in droves..nowaday\ns.\nSo, if u want to be infected, pls go for more jabs.."", 'comment_time': datetime.datetime(2022, 6, 27, 0, 0), 'comment_image': None, 'comment_reactors': [], 'comment_reactions': None, 'comment_reaction_count': None}, {'comment_id': '415142923895615', 'comment_url': 'https://facebook.com/415142923895615', 'commenter_id': '1333820839', 'commenter_url': None, 'commenter_name': 'Lena Ang', 'commenter_meta': None, 'comment_text': 'Maressa Zahirah wow, you are in the depopulation list! Congrats!', 'comment_time': datetime.datetime(2022, 6, 27, 0, 0), 'comment_image': None, 'comment_reactors': [], 'comment_reactions': None, 'comment_reaction_count': None}, {'comment_id': '524413626088980', 'comment_url': 'https://facebook.com/524413626088980', 'commenter_id': '557928165', 'commenter_url': None, 'commenter_name': 'Raguvaran Naidu', 'commenter_meta': None, 'comment_text': 'Maressa Zahirah not even one jab in. Contracted covid twice. Didn‚Äôt even know I had covid both times until I did my test. Extremely mild symptoms. Recovered well like it was a normal flu. Beat that!', 'comment_time': datetime.datetime(2022, 6, 27, 0, 0), 'comment_image': None, 'comment_reactors': [], 'comment_reactions': None, 'comment_reaction_count': None}, {'comment_id': '5661350107229394', 'comment_url': 'https://facebook.com/5661350107229394', 'commenter_id': '100050074590572', 'commenter_url': None, 'commenter_name': 'Luke Joseph', 'commenter_meta': None, 'comment_text': 'Maressa Zahirah https://\nwww.reuters.com/\nlegal/\ngovernment/\nfda-will-not-req\nuire-clinical-t\nrial-data-autho\nrize-redesigned\n-covid-boosters\n-2022-06-30/', 'comment_time': datetime.datetime(2022, 6, 27, 0, 0), 'comment_image': 'https://www.reuters.com/legal/government/fda-will-not-require-clinical-trial-data-authorize-redesigned-covid-boosters-2022-06-30/', 'comment_reactors': [], 'comment_reactions': None, 'comment_reaction_count': None}, {'comment_id': '777755520057008', 'comment_url': 'https://facebook.com/777755520057008', 'commenter_id': '100008912178524', 'commenter_url': None, 'commenter_name': 'Ramesh Chinapan', 'commenter_meta': None, 'comment_text': ""Maressa Zahirah . I didn't get the experimental jab and I didn't get covid. All my jabbed friends got it. Go figure."", 'comment_time': datetime.datetime(2022, 6, 27, 0, 0), 'comment_image': None, 'comment_reactors': [], 'comment_reactions': None, 'comment_reaction_count': None}, {'comment_id': '1081319602736271', 'comment_url': 'https://facebook.com/1081319602736271', 'commenter_id': '652557517', 'commenter_url': None, 'commenter_name': 'Mauryark Skeptical Edition', 'commenter_meta': None, 'comment_text': ""Janice Fredah Ti yes, what you said it's true."", 'comment_time': datetime.datetime(2022, 6, 27, 0, 0), 'comment_image': None, 'comment_reactors': [], 'comment_reactions': None, 'comment_reaction_count': None}, {'comment_id': '592944168912001', 'comment_url': 'https://facebook.com/592944168912001', 'commenter_id': '1006353231', 'commenter_url': None, 'commenter_name': 'Jimmy Hor', 'commenter_meta': None, 'comment_text': 'Maressa Zahirah Over 95% of cases were mild even before the vaccine rollout. Just look at the MOH data from 2020. Hospitalization\ns were less than 5%.', 'comment_time': datetime.datetime(2022, 6, 27, 0, 0), 'comment_image': None, 'comment_reactors': [], 'comment_reactions': None, 'comment_reaction_count': None}, {'comment_id': '575932117580987', 'comment_url': 'https://facebook.com/575932117580987', 'commenter_id': '100002917030296', 'commenter_url': None, 'commenter_name': 'Janice Fredah Ti', 'commenter_meta': None, 'comment_text': 'Jimmy Hor exactly, and these stats are not a secret. Some people just refuse to get educated and as a result they spread misinformation about the vax helping them. Real nonsense.', 'comment_time': datetime.datetime(2022, 6, 27, 0, 0), 'comment_image': None, 'comment_reactors': [], 'comment_reactions': None, 'comment_reaction_count': None}, {'comment_id': '735941400987680', 'comment_url': 'https://facebook.com/735941400987680', 'commenter_id': '1390476344', 'commenter_url': None, 'commenter_name': 'Robin Chen', 'commenter_meta': None, 'comment_text': 'Danny Yang you failed to see the sarcasm in my comment...I have 0 üíâ', 'comment_time': datetime.datetime(2022, 6, 27, 0, 0), 'comment_image': None, 'comment_reactors': [], 'comment_reactions': None, 'comment_reaction_count': None}, {'comment_id': '816114976042727', 'comment_url': 'https://facebook.com/816114976042727', 'commenter_id': '100050915382122', 'commenter_url': None, 'commenter_name': 'Danny Yang', 'commenter_meta': None, 'comment_text': 'Robin Chen ohhh yes..I got it wrong.', 'comment_time': datetime.datetime(2022, 6, 27, 0, 0), 'comment_image': None, 'comment_reactors': [], 'comment_reactions': None, 'comment_reaction_count': None}, {'comment_id': '572199327773693', 'comment_url': 'https://facebook.com/572199327773693', 'commenter_id': '100050915382122', 'commenter_url': None, 'commenter_name': 'Danny Yang', 'commenter_meta': None, 'comment_text': 'Maressa Zahirah just hope that u wont be reinfected again..', 'comment_time': datetime.datetime(2022, 6, 27, 0, 0), 'comment_image': None, 'comment_reactors': [], 'comment_reactions': None, 'comment_reaction_count': None}, {'comment_id': '1005733370088959', 'comment_url': 'https://facebook.com/1005733370088959', 'commenter_id': '730237996', 'commenter_url': None, 'commenter_name': 'Lim Weijian', 'commenter_meta': None, 'comment_text': ""Maressa Zahirah many don't vaccine also have no effect it really depend on individual, vaccine only decrease yr death risk"", 'comment_time': datetime.datetime(2022, 6, 27, 0, 0), 'comment_image': None, 'comment_reactors': [], 'comment_reactions': None, 'comment_reaction_count': None}, {'comment_id': '1238943043606013', 'comment_url': 'https://facebook.com/1238943043606013', 'commenter_id': '100008869627073', 'commenter_url': None, 'commenter_name': 'Jason Wong', 'commenter_meta': None, 'comment_text': ""Maressa Zahirah entirely dilutional. why didn't you think why you can still c+ like the unvax after 3 shots?"", 'comment_time': datetime.datetime(2022, 6, 27, 0, 0), 'comment_image': None, 'comment_reactors': [], 'comment_reactions': None, 'comment_reaction_count': None}, {'comment_id': '1210353423055046', 'comment_url': 'https://facebook.com/1210353423055046', 'commenter_id': '775634545', 'commenter_url': None, 'commenter_name': 'Ed Tan', 'commenter_meta': None, 'comment_text': 'And, dont simply believe these so call experts.\nThey also tikam tikam, telling you, you get mild symptoms because you jab.\n\nThis vaccine is only 1 or 2 over years old so we cant see anything since it is sure a short period.\nYou wait for the long term effect to come.\nEven the big pharms, who manufactured these vaccines are unsure.', 'comment_time': datetime.datetime(2022, 6, 27, 0, 0), 'comment_image': None, 'comment_reactors': [], 'comment_reactions': None, 'comment_reaction_count': None}, {'comment_id': '1075775079704572', 'comment_url': 'https://facebook.com/1075775079704572', 'commenter_id': '100002917030296', 'commenter_url': None, 'commenter_name': 'Janice Fredah Ti', 'commenter_meta': None, 'comment_text': 'Danny Yang yep. While some continue to blame the unvax for everything without any substance, some believe the vax is to let people catch mild covid so that they can get antibodies, when I asked why then the masks mandates were not abolished sooner to achieve that purpose, all cannot answer. And go round the circle about how and why vax is still a better option. The truth hurts, and people simply cannot accept they performed self sabotage.', 'comment_time': datetime.datetime(2022, 6, 27, 0, 0), 'comment_image': None, 'comment_reactors': [], 'comment_reactions': None, 'comment_reaction_count': None}, {'comment_id': '425273545995982', 'comment_url': 'https://facebook.com/425273545995982', 'commenter_id': '704227524', 'commenter_url': None, 'commenter_name': 'Bowie Chen', 'commenter_meta': None, 'comment_text': ""after 4 jabs they probably don't"", 'comment_time': datetime.datetime(2022, 6, 27, 0, 0), 'comment_image': None, 'comment_reactors': [], 'comment_reactions': None, 'comment_reaction_count': None}, {'comment_id': '1202470910553120', 'comment_url': 'https://facebook.com/1202470910553120', 'commenter_id': '100037780008598', 'commenter_url': None, 'commenter_name': 'Mae L Mendez', 'commenter_meta': None, 'comment_text': ""Maressa Zahirah i've had 3 jabs and now I'm having covid. Feels like dying."", 'comment_time': datetime.datetime(2022, 6, 27, 0, 0), 'comment_image': None, 'comment_reactors': [], 'comment_reactions': None, 'comment_reaction_count': None}]"
578624263847795,https://facebook.com/578624263847795,639158683,,Amir Khan Gulam,,We need Avengers to fight this Evil!,2022-06-27 00:00:00,,[],,,"[{'comment_id': '576058200705344', 'comment_url': 'https://facebook.com/576058200705344', 'commenter_id': '100001312642683', 'commenter_url': None, 'commenter_name': 'Muhd Mahathir', 'commenter_meta': None, 'comment_text': 'Amir Khan Gulam', 'comment_time': datetime.datetime(2022, 6, 27, 0, 0), 'comment_image': 'https://media1.tenor.co/images/55964ad6b687ea1a80217f6c0518985c/tenor.gif?c=VjFfZmFjZWJvb2tfd2ViY29tbWVudHM&itemid=14730199', 'comment_reactors': [], 'comment_reactions': None, 'comment_reaction_count': None}]"
590451839176419,https://facebook.com/590451839176419,100004892319203,,RC Mum,,"We look terribly out of touch when other countries are throwing away millions of doses (because nobody wants them, even when they are free- anybody's guess why?). And here we are buying more doses. Get with the program and wake up like the rest already have, please.",2022-06-27 00:00:00,,[],,,"[{'comment_id': '3194775597452288', 'comment_url': 'https://facebook.com/3194775597452288', 'commenter_id': '100011383871149', 'commenter_url': None, 'commenter_name': 'Ace Nerdbuster', 'commenter_meta': None, 'comment_text': ""You can fixed a difficult situation but you can't fix stupidity. Stop the booster sh! T."", 'comment_time': datetime.datetime(2022, 6, 27, 0, 0), 'comment_image': None, 'comment_reactors': [], 'comment_reactions': None, 'comment_reaction_count': None}, {'comment_id': '594643492052630', 'comment_url': 'https://facebook.com/594643492052630', 'commenter_id': '544354278', 'commenter_url': None, 'commenter_name': 'Can Can', 'commenter_meta': None, 'comment_text': 'RC Mum because not only do the jabs not work, they are harmful. i know as I am a vaccine-injured\n.', 'comment_time': datetime.datetime(2022, 6, 27, 0, 0), 'comment_image': None, 'comment_reactors': [], 'comment_reactions': None, 'comment_reaction_count': None}, {'comment_id': '761101575013870', 'comment_url': 'https://facebook.com/761101575013870', 'commenter_id': '100074802063291', 'commenter_url': None, 'commenter_name': 'Joo Tay', 'commenter_meta': None, 'comment_text': 'Other countries leadership have back bone to stand up against the mass vaccination depopulation agenda.', 'comment_time': datetime.datetime(2022, 6, 27, 0, 0), 'comment_image': None, 'comment_reactors': [], 'comment_reactions': None, 'comment_reaction_count': None}]"
1191614751615846,https://facebook.com/1191614751615846,1076963788,,HK Tiong,,That‚Äôs good news.,2022-06-27 00:00:00,,[],,,[]
2306617979493642,https://facebook.com/2306617979493642,569998875,,Goh Tsoon Liang Exel,,So glad to see many people waking up to the dangers of booster shots.,2022-06-27 00:00:00,,[],,,"[{'comment_id': '418026970289383', 'comment_url': 'https://facebook.com/418026970289383', 'commenter_id': '684931978', 'commenter_url': None, 'commenter_name': 'Luminin Lim', 'commenter_meta': None, 'comment_text': 'Goh Tsoon Liang Exel too little too late??', 'comment_time': datetime.datetime(2022, 6, 27, 0, 0), 'comment_image': None, 'comment_reactors': [], 'comment_reactions': None, 'comment_reaction_count': None}, {'comment_id': '1357456034665211', 'comment_url': 'https://facebook.com/1357456034665211', 'commenter_id': '569998875', 'commenter_url': None, 'commenter_name': 'Goh Tsoon Liang Exel', 'commenter_meta': None, 'comment_text': 'Luminin Lim Maybe sadly for some....but for others, better late than never.', 'comment_time': datetime.datetime(2022, 6, 27, 0, 0), 'comment_image': None, 'comment_reactors': [], 'comment_reactions': None, 'comment_reaction_count': None}, {'comment_id': '386273396938317', 'comment_url': 'https://facebook.com/386273396938317', 'commenter_id': '684931978', 'commenter_url': None, 'commenter_name': 'Luminin Lim', 'commenter_meta': None, 'comment_text': 'Goh Tsoon Liang ExeL Mortality and birth deaths spiked across the whole world... 10% alone in SG..\n\n""Official figures released on June 30 showed a 10.1 per cent rise in the number of deaths reported last year, compared with 2020."" ST reported this month', 'comment_time': datetime.datetime(2022, 6, 27, 0, 0), 'comment_image': None, 'comment_reactors': [], 'comment_reactions': None, 'comment_reaction_count': None}, {'comment_id': '354636653492145', 'comment_url': 'https://facebook.com/354636653492145', 'commenter_id': '1536185286', 'commenter_url': None, 'commenter_name': 'Danny Yang', 'commenter_meta': None, 'comment_text': 'Luminin Lim Sg achieving a 97% vaccinated population.\nOut of these 97%, foreseeable future will be..Singaporean\nhealth will be on the decline..especi\nally, the older generation. Just go around the heartland n see for yourself..u can easily spot funeral wakes at HDB void deck..for those who can afford it. Rest of those old folks deaths, probably, go straight to the crematorium..wi\nth budget cost.\nNext, will be the younger adult generation they probably, facing infertility or impotency...if they keep going for further jabs ( eg 4th , 5th or 6 jabs).', 'comment_time': datetime.datetime(2022, 6, 27, 0, 0), 'comment_image': None, 'comment_reactors': [], 'comment_reactions': None, 'comment_reaction_count': None}, {'comment_id': '727574431801947', 'comment_url': 'https://facebook.com/727574431801947', 'commenter_id': '100000193070598', 'commenter_url': None, 'commenter_name': 'Thinh Ton', 'commenter_meta': None, 'comment_text': ""Goh Tsoon Liang Exel some people I know couldn't live to see another day after their 2nd or 3rd jabs"", 'comment_time': datetime.datetime(2022, 6, 27, 0, 0), 'comment_image': None, 'comment_reactors': [], 'comment_reactions': None, 'comment_reaction_count': None}, {'comment_id': '423343896416836', 'comment_url': 'https://facebook.com/423343896416836', 'commenter_id': '100053631692624', 'commenter_url': None, 'commenter_name': 'Iza Ally', 'commenter_meta': None, 'comment_text': 'Goh Tsoon Liang Exel yes but I woked-up after my 2nd jab. Breathless side effects and many more and by then i loss many ppl around me too due to heart attacks and sudden cancer detected and died. How sad. No more booster for me and family. This covid vaccines just for VDS freedom and far from protecting the body. \U0001f972', 'comment_time': datetime.datetime(2022, 6, 27, 0, 0), 'comment_image': None, 'comment_reactors': [], 'comment_reactions': None, 'comment_reaction_count': None}, {'comment_id': '628000021594199', 'comment_url': 'https://facebook.com/628000021594199', 'commenter_id': '704227524', 'commenter_url': None, 'commenter_name': 'Bowie Chen', 'commenter_meta': None, 'comment_text': 'Luminin Lim jab free here, feels good man', 'comment_time': datetime.datetime(2022, 6, 27, 0, 0), 'comment_image': None, 'comment_reactors': [], 'comment_reactions': None, 'comment_reaction_count': None}, {'comment_id': '439945014647414', 'comment_url': 'https://facebook.com/439945014647414', 'commenter_id': '1536185286', 'commenter_url': None, 'commenter_name': 'Danny Yang', 'commenter_meta': None, 'comment_text': 'Thinh Tonespecially,thos\ne with weaker immune system n underlying health problem. Most older adult usually facing high blood pressure.. n that will be the cause of their declining health problem..leadin\ng g to premature death.', 'comment_time': datetime.datetime(2022, 6, 27, 0, 0), 'comment_image': None, 'comment_reactors': [], 'comment_reactions': None, 'comment_reaction_count': None}, {'comment_id': '580946766715703', 'comment_url': 'https://facebook.com/580946766715703', 'commenter_id': '1536185286', 'commenter_url': None, 'commenter_name': 'Danny Yang', 'commenter_meta': None, 'comment_text': ""Luminin Lim if MOH cant figure out why an increase of 10% death year by year....issit becos of those useless n dangerous vaccines..or infection or underlying health problem.? Or, issit these premature deaths due to..the double whammy ( from vaccine's side effects n covid symptoms) ...they were facing n cant take it at one go..!!!"", 'comment_time': datetime.datetime(2022, 6, 27, 0, 0), 'comment_image': None, 'comment_reactors': [], 'comment_reactions': None, 'comment_reaction_count': None}]"
428261112355495,https://facebook.com/428261112355495,100008869627073,,Jason Wong,,"""I'm not anti-vax. I'm ANTI-STUPID!"" -dr. Zelenko",2022-06-27 00:00:00,,[],,,[]
420348926715371,https://facebook.com/420348926715371,100002296047600,,Daniel Marcotte,,"Wuuut, just got my fourth, will I be forever one variant behind?",2022-06-27 00:00:00,,[],,,"[{'comment_id': '786084762561028', 'comment_url': 'https://facebook.com/786084762561028', 'commenter_id': '100000567518954', 'commenter_url': None, 'commenter_name': 'Alan Li', 'commenter_meta': None, 'comment_text': 'Daniel Marcotte yes', 'comment_time': datetime.datetime(2022, 6, 27, 0, 0), 'comment_image': None, 'comment_reactors': [], 'comment_reactions': None, 'comment_reaction_count': None}, {'comment_id': '1098630614395886', 'comment_url': 'https://facebook.com/1098630614395886', 'commenter_id': '100053691739308', 'commenter_url': None, 'commenter_name': 'Chia Lin Ying', 'commenter_meta': None, 'comment_text': 'Daniel Marcotte Lol what for u take the jab based on old strain for 4 times? It can mess with the immune system after too many shots. Europe scientists already warned of this.', 'comment_time': datetime.datetime(2022, 6, 27, 0, 0), 'comment_image': None, 'comment_reactors': [], 'comment_reactions': None, 'comment_reaction_count': None}]"
2195843093909710,https://facebook.com/2195843093909710,100001081735133,,Cp Lee,,"Not sure if it's because of the Omicron/
Vaccine, Seen a lot of funny people shown online since then from fighting to E-bicycle speeding on road after booster shot taken. And people tent to get angry easily some even have breathing problem(as and when it happen) ü§îü§î",2022-06-27 00:00:00,,[],,,"[{'comment_id': '573161237793600', 'comment_url': 'https://facebook.com/573161237793600', 'commenter_id': '100002439010097', 'commenter_url': None, 'commenter_name': 'Wah Liao Mia', 'commenter_meta': None, 'comment_text': 'Cp Lee and to top it up a turkey thinks he owns the road and not allowing a bus to pass', 'comment_time': datetime.datetime(2022, 6, 27, 0, 0), 'comment_image': None, 'comment_reactors': [], 'comment_reactions': None, 'comment_reaction_count': None}, {'comment_id': '445588524082064', 'comment_url': 'https://facebook.com/445588524082064', 'commenter_id': '100001081735133', 'commenter_url': None, 'commenter_name': 'Cp Lee', 'commenter_meta': None, 'comment_text': 'Wah Liao Mia Rooster.ü§£', 'comment_time': datetime.datetime(2022, 6, 27, 0, 0), 'comment_image': None, 'comment_reactors': [], 'comment_reactions': None, 'comment_reaction_count': None}]"
363202789261298,https://facebook.com/363202789261298,521872932,,MunKeng CL,,After vaccine I seem more weaker. Always easy sicked üò™,2022-06-27 00:00:00,,[],,,"[{'comment_id': '445379207174390', 'comment_url': 'https://facebook.com/445379207174390', 'commenter_id': '100053691739308', 'commenter_url': None, 'commenter_name': 'Chia Lin Ying', 'commenter_meta': None, 'comment_text': 'MunKeng CL Yes it can mess with the immune system after too many shots. Europe scientists already warned of this.', 'comment_time': datetime.datetime(2022, 6, 27, 0, 0), 'comment_image': None, 'comment_reactors': [], 'comment_reactions': None, 'comment_reaction_count': None}]"
5315172535231149,https://facebook.com/5315172535231149,524121017,,Maha Anandth,,Jab till ones last breathe?!!,2022-06-27 00:00:00,,[],,,[]
3234557510163547,https://facebook.com/3234557510163547,571506958,,Kiev Wong Hoe Yong,,I am waiting for the 5th jab for sigma variant and 6th jab for upsilon variant. Am I eligible for that? Any advice?,2022-06-27 00:00:00,,[],,,[]
3306289412927487,https://facebook.com/3306289412927487,100004419152304,,Vicente Gracia Jr.,,"in bringing ANXIETY to the world the new generation suffers most parent lost thier jobs businesses bankruptcy hopelessness as WHO just offer to keep covid advertised and sensationalized
believing the covid drama never dies and of course the youth are really affected hopelessness emerges in every corners of their minds and just a matter of time bloody violence will come massacres murders etcetera... CONGRATULATION DOCTORS sooner or later you are all terminated . it is the price for your decietfulness.",2022-06-27 00:00:00,,[],,,[]
3138777959710413,https://facebook.com/3138777959710413,100010423442713,,Don Neo,,Pls vote all this bloody burger out for the nest ge,2022-06-27 00:00:00,,[],,,[]
430726655603586,https://facebook.com/430726655603586,100008766726889,,Cheng Lim,,You can buy them for yourselves! Stop using our taxpayers money to buy these things!,2022-06-27 00:00:00,,[],,,[]
1097657991149785,https://facebook.com/1097657991149785,100001350930357,,Matthew Ng,,Means we should wait for the second booster?,2022-06-27 00:00:00,,[],,,[]
410480764431518,https://facebook.com/410480764431518,100002438520433,,Jose Harbiolin Quiozon,,Never ending boost unlimited as mandated by whodas tedros.,2022-06-27 00:00:00,,[],,,"[{'comment_id': '773748100486067', 'comment_url': 'https://facebook.com/773748100486067', 'commenter_id': '100074802063291', 'commenter_url': None, 'commenter_name': 'Joo Tay', 'commenter_meta': None, 'comment_text': ""It's our duty not complying to unlawful foreign interference of WEF, WHO, G20,"", 'comment_time': datetime.datetime(2022, 6, 27, 0, 0), 'comment_image': None, 'comment_reactors': [], 'comment_reactions': None, 'comment_reaction_count': None}]"
1040029920220022,https://facebook.com/1040029920220022,100025914121675,,Tan Chee Siong,,Jab till we leave this world.,2022-06-27 00:00:00,,[],,,"[{'comment_id': '2435938703223775', 'comment_url': 'https://facebook.com/2435938703223775', 'commenter_id': '100004560845752', 'commenter_url': None, 'commenter_name': 'Sardin Daeng Zapatia', 'commenter_meta': None, 'comment_text': 'Tan Chee Siong https://\nl.facebook.com/\nl.php?u=https%3A\n%2F%2Fbom.so%2F\nP9MIxP&h=C0H99O\ncrQ7JYSe2e&s=1', 'comment_time': datetime.datetime(2022, 6, 27, 0, 0), 'comment_image': 'https://bom.so/P9MIxP', 'comment_reactors': [], 'comment_reactions': None, 'comment_reaction_count': None}, {'comment_id': '3240006689606272', 'comment_url': 'https://facebook.com/3240006689606272', 'commenter_id': '1622576193', 'commenter_url': None, 'commenter_name': 'Vince WeiHong', 'commenter_meta': None, 'comment_text': 'Tan Chee Siong getting polio is nice too', 'comment_time': datetime.datetime(2022, 6, 27, 0, 0), 'comment_image': None, 'comment_reactors': [], 'comment_reactions': None, 'comment_reaction_count': None}, {'comment_id': '452712983389429', 'comment_url': 'https://facebook.com/452712983389429', 'commenter_id': '684931978', 'commenter_url': None, 'commenter_name': 'Luminin Lim', 'commenter_meta': None, 'comment_text': 'Tan Chee Siong cuz there are richest who can make ghost work the Mills thinking they are God to control population/\nclimate change & deciding the world belongs to them alone..', 'comment_time': datetime.datetime(2022, 6, 27, 0, 0), 'comment_image': None, 'comment_reactors': [], 'comment_reactions': None, 'comment_reaction_count': None}, {'comment_id': '364002515815100', 'comment_url': 'https://facebook.com/364002515815100', 'commenter_id': '100000193070598', 'commenter_url': None, 'commenter_name': 'Thinh Ton', 'commenter_meta': None, 'comment_text': 'Tan Chee Siong vaccine till coffin', 'comment_time': datetime.datetime(2022, 6, 27, 0, 0), 'comment_image': None, 'comment_reactors': [], 'comment_reactions': None, 'comment_reaction_count': None}]"
723739892017840,https://facebook.com/723739892017840,100037747456447,,Rahman Rahman,,Again start derma,2022-06-27 00:00:00,,[],,,[]
450198226638866,https://facebook.com/450198226638866,100005576659140,,Yong YuanCheng,,Nth a 4th jab can‚Äôt fix,2022-06-27 00:00:00,,[],,,"[{'comment_id': '431904095315452', 'comment_url': 'https://facebook.com/431904095315452', 'commenter_id': '100050915382122', 'commenter_url': None, 'commenter_name': 'Danny Yang', 'commenter_meta': None, 'comment_text': ""Yong YuanCheng Needless to say, all of us will be leaving this world sooner or later but, these dangerous vaccines will help u go up the lorry, faster..' premature death!'."", 'comment_time': datetime.datetime(2022, 6, 27, 0, 0), 'comment_image': None, 'comment_reactors': [], 'comment_reactions': None, 'comment_reaction_count': None}, {'comment_id': '1393053147829709', 'comment_url': 'https://facebook.com/1393053147829709', 'commenter_id': '1527550866', 'commenter_url': None, 'commenter_name': 'Sunil Rai', 'commenter_meta': None, 'comment_text': 'Yong YuanCheng or a 5th, 6th or 7th', 'comment_time': datetime.datetime(2022, 6, 27, 0, 0), 'comment_image': None, 'comment_reactors': [], 'comment_reactions': None, 'comment_reaction_count': None}]"
768393417931098,https://facebook.com/768393417931098,553691826,,Âê¥Ëç£,,Move on please,2022-06-27 00:00:00,,[],,,[]
447404967234831,https://facebook.com/447404967234831,100055579866686,,Kanasai Lai Lai,,KzzzzNzzzzzzN lah!!!,2022-06-27 00:00:00,,[],,,[]
1054332998622420,https://facebook.com/1054332998622420,100034894242943,,Le Naomi,,Paul Goh,2022-06-27 00:00:00,,[],,,[]
557048386079970,https://facebook.com/557048386079970,835750821,,James Wong Kamkiat,,"Just tell me where and its still free, i will go n boost it..",2022-06-27 00:00:00,,[],,,[]
605544294220813,https://facebook.com/605544294220813,100077070270900,,Jeffrey Lim,,If u don‚Äôt take booster gov will not give you $300 cash voucher‚Äôs. haha,2022-06-27 00:00:00,,[],,,"[{'comment_id': '750284542680705', 'comment_url': 'https://facebook.com/750284542680705', 'commenter_id': '100077070270900', 'commenter_url': None, 'commenter_name': 'Jeffrey Lim', 'commenter_meta': None, 'comment_text': 'Ping Wei lol', 'comment_time': datetime.datetime(2022, 10, 27, 0, 0), 'comment_image': None, 'comment_reactors': [], 'comment_reactions': None, 'comment_reaction_count': None}, {'comment_id': '779467909960549', 'comment_url': 'https://facebook.com/779467909960549', 'commenter_id': '100053691739308', 'commenter_url': None, 'commenter_name': 'Chia Lin Ying', 'commenter_meta': None, 'comment_text': ""Jeffrey Lim Australia's ruling party got voted out partly because the people got fed up with the vaxxine mandates, my aussie friend told me. They were surprised how unpopular they were and started lifting the mandates. Lol!"", 'comment_time': datetime.datetime(2022, 6, 27, 0, 0), 'comment_image': None, 'comment_reactors': [], 'comment_reactions': None, 'comment_reaction_count': None}]"
402763768337484,https://facebook.com/402763768337484,100005023158328,,Hong Quek,,Ê∞¥ÁîµË¥πÂèàË¶ÅÊ∂®‰∫ÜÂêóÔºü,2022-06-27 00:00:00,,[],,,[]
3281840352044467,https://facebook.com/3281840352044467,1053913882,,Johnny Yeo,,"Hello Sir, how about 49 and below when can we take our later booster vaccine.",2022-06-27 00:00:00,,[],,,"[{'comment_id': '3526672477658141', 'comment_url': 'https://facebook.com/3526672477658141', 'commenter_id': '100050915382122', 'commenter_url': None, 'commenter_name': 'Danny Yang', 'commenter_meta': None, 'comment_text': 'Johnny Yeo ya..pls go ahead with those 4th, 5th, n 6th hypersonic shots..help u to go ""up the lorry"" faster than ever, at hypersonic speed.', 'comment_time': datetime.datetime(2022, 6, 27, 0, 0), 'comment_image': None, 'comment_reactors': [], 'comment_reactions': None, 'comment_reaction_count': None}, {'comment_id': '734904224413292', 'comment_url': 'https://facebook.com/734904224413292', 'commenter_id': '100053691739308', 'commenter_url': None, 'commenter_name': 'Chia Lin Ying', 'commenter_meta': None, 'comment_text': 'Johnny Yeo What for u take the jab based on old strain for 4 times? It can mess with the immune system after too many shots. Europe scientists already warned of this.', 'comment_time': datetime.datetime(2022, 6, 27, 0, 0), 'comment_image': None, 'comment_reactors': [], 'comment_reactions': None, 'comment_reaction_count': None}]"
3304776766466829,https://facebook.com/3304776766466829,100007329247401,,Tan Yi Kai Benjamin,,Ho Meng Jie,2022-06-27 00:00:00,,[],,,[]
1620108581695395,https://facebook.com/1620108581695395,646234494,,Seng Kiat,,So means don't take the 4th jab first?,2022-06-27 00:00:00,,[],,,[]
722918338785914,https://facebook.com/722918338785914,1188439021,,Elizabeth Cornelius Boyd,,"I already had 4 and suffered
Now can't even breath through my nostrils naturally, as they are often blockedüò†",2022-06-27 00:00:00,,[],,,"[{'comment_id': '422555383163213', 'comment_url': 'https://facebook.com/422555383163213', 'commenter_id': '100053691739308', 'commenter_url': None, 'commenter_name': 'Chia Lin Ying', 'commenter_meta': None, 'comment_text': 'Elizabeth Cornelius Boyd Yes it can mess with the immune system after too many shots. Europe scientists already warned of this.', 'comment_time': datetime.datetime(2022, 6, 27, 0, 0), 'comment_image': None, 'comment_reactors': [], 'comment_reactions': None, 'comment_reaction_count': None}, {'comment_id': '473823627883611', 'comment_url': 'https://facebook.com/473823627883611', 'commenter_id': '1188439021', 'commenter_url': None, 'commenter_name': 'Elizabeth Cornelius Boyd', 'commenter_meta': None, 'comment_text': 'Chia Lin Ying you are right, a friend told me the same', 'comment_time': datetime.datetime(2022, 6, 27, 0, 0), 'comment_image': None, 'comment_reactors': [], 'comment_reactions': None, 'comment_reaction_count': None}]"
404049008360805,https://facebook.com/404049008360805,1512798171,,Wh Chan,,ÈöîÈù¥ÊêîÁóí,2022-06-27 00:00:00,,[],,,[]
768950554133347,https://facebook.com/768950554133347,1819861979,,Lye Jia Wei,,Darryl Kiasu Goh,2022-06-27 00:00:00,,[],,,[]
2018487818348550,https://facebook.com/2018487818348550,100007196798662,,Joe Power,,Why not serology test 1st??,2022-06-27 00:00:00,,[],,,"[{'comment_id': '583549419834964', 'comment_url': 'https://facebook.com/583549419834964', 'commenter_id': '100000567518954', 'commenter_url': None, 'commenter_name': 'Alan Li', 'commenter_meta': None, 'comment_text': 'Joe Power because big pharma wants to increase their revenue even further', 'comment_time': datetime.datetime(2022, 6, 27, 0, 0), 'comment_image': None, 'comment_reactors': [], 'comment_reactions': None, 'comment_reaction_count': None}, {'comment_id': '995189501158378', 'comment_url': 'https://facebook.com/995189501158378', 'commenter_id': '100002344852285', 'commenter_url': None, 'commenter_name': 'Lim May', 'commenter_meta': None, 'comment_text': ""Joe Power they don't recognise serology test. Taken also must jab"", 'comment_time': datetime.datetime(2022, 6, 27, 0, 0), 'comment_image': None, 'comment_reactors': [], 'comment_reactions': None, 'comment_reaction_count': None}, {'comment_id': '574348327468610', 'comment_url': 'https://facebook.com/574348327468610', 'commenter_id': '100007196798662', 'commenter_url': None, 'commenter_name': 'Joe Power', 'commenter_meta': None, 'comment_text': 'Lim May dracula.', 'comment_time': datetime.datetime(2022, 6, 27, 0, 0), 'comment_image': None, 'comment_reactors': [], 'comment_reactions': None, 'comment_reaction_count': None}]"
6092021860813704,https://facebook.com/6092021860813704,100011456703558,,Don'tanyhow Leh,,If anything goes wrong it's never their fault but it's your own underLYING conditions. Good luck ppl.,2022-06-27 00:00:00,,[],,,"[{'comment_id': '1030927097785134', 'comment_url': 'https://facebook.com/1030927097785134', 'commenter_id': '100006537336181', 'commenter_url': None, 'commenter_name': 'Chris Yau Teng', 'commenter_meta': None, 'comment_text': ""Don'tanyhow Leh Mark of the beast"", 'comment_time': datetime.datetime(2022, 6, 27, 0, 0), 'comment_image': None, 'comment_reactors': [], 'comment_reactions': None, 'comment_reaction_count': None}]"
356752866630519,https://facebook.com/356752866630519,100011162735926,,Joanne Kwong,,Ming Jin,2022-06-27 00:00:00,,[],,,[]
735246777722986,https://facebook.com/735246777722986,100038094827052,,John Jani Janadan Tararapampampampam,,"1st booster, 2nd booster, 3rd booster, 4th booster in d end Turbo booster.......",2022-06-27 00:00:00,,[],,,[]
895816888040957,https://facebook.com/895816888040957,100074802063291,,Joo Tay,,"I suffered palpitations breathlessness,
heart pain post poison jab and cardiologist found 3 valves had regurgitation.",2022-06-27 00:00:00,,[],,,[]
731388621463743,https://facebook.com/731388621463743,100010722420672,,Mitch Mitchell,,"BA.5 Day 21 - secondary outbreak of shingles type rash on the back of the neck and shoulders, feverish, faint, foggy, walking into things, shooting pains - agony - vaccinated 4 times - 2x Pfizer and 2x Moderna and still got 2nd breakthrough infection üòµ‚Äçüí´üò∂‚Äçüå´Ô∏èü§í‚òπÔ∏èüò∑",2022-06-27 00:00:00,,[],,,"[{'comment_id': '560685418832796', 'comment_url': 'https://facebook.com/560685418832796', 'commenter_id': '100056035034189', 'commenter_url': None, 'commenter_name': 'Bamboo Sor', 'commenter_meta': None, 'comment_text': 'Mitch Mitchell sorry to hear about your condition', 'comment_time': datetime.datetime(2022, 6, 27, 0, 0), 'comment_image': None, 'comment_reactors': [], 'comment_reactions': None, 'comment_reaction_count': None}, {'comment_id': '1035131467372007', 'comment_url': 'https://facebook.com/1035131467372007', 'commenter_id': '1505528155', 'commenter_url': None, 'commenter_name': 'Istupid Istupid', 'commenter_meta': None, 'comment_text': 'Mitch Mitchell Are you immunocompromis\ned? Suffer from any Chronic illnesses?', 'comment_time': datetime.datetime(2022, 6, 27, 0, 0), 'comment_image': None, 'comment_reactors': [], 'comment_reactions': None, 'comment_reaction_count': None}, {'comment_id': '729191678333192', 'comment_url': 'https://facebook.com/729191678333192', 'commenter_id': '100004560845752', 'commenter_url': None, 'commenter_name': 'Sardin Daeng Zapatia', 'commenter_meta': None, 'comment_text': 'Mitch Mitchell https://\nl.facebook.com/\nl.php?u=https%3A\n%2F%2Fbom.so%2F\nP9MIxP&h=C0H99O\ncrQ7JYSe2e&s=1', 'comment_time': datetime.datetime(2022, 6, 27, 0, 0), 'comment_image': 'https://bom.so/P9MIxP', 'comment_reactors': [], 'comment_reactions': None, 'comment_reaction_count': None}, {'comment_id': '453972626167165', 'comment_url': 'https://facebook.com/453972626167165', 'commenter_id': '100010722420672', 'commenter_url': None, 'commenter_name': 'Mitch Mitchell', 'commenter_meta': None, 'comment_text': 'Istupid Istupid Not at all ! The only thing I have is an allergy to penicillin. I had the rash before in Beijing in January in 2020 before the vaccines were even thought of, which rules out any vaccine causes - it is just the fact that the BA.5 variant can by pass the vaccines - it was suggested that the BA.5 is nicknamed ‚ÄòThe Beast ‚ôæÔ∏è‚Äô , because it just keeps coming back at you !', 'comment_time': datetime.datetime(2022, 6, 27, 0, 0), 'comment_image': None, 'comment_reactors': [], 'comment_reactions': None, 'comment_reaction_count': None}, {'comment_id': '368226948754307', 'comment_url': 'https://facebook.com/368226948754307', 'commenter_id': '100014355167958', 'commenter_url': None, 'commenter_name': 'Queenie Queenie', 'commenter_meta': None, 'comment_text': 'Istupid Istupid My dad also got very bad Shingles after the covid vaccine. Itch all over his body. Enough.', 'comment_time': datetime.datetime(2022, 6, 27, 0, 0), 'comment_image': None, 'comment_reactors': [], 'comment_reactions': None, 'comment_reaction_count': None}, {'comment_id': '4911787232266267', 'comment_url': 'https://facebook.com/4911787232266267', 'commenter_id': '100010722420672', 'commenter_url': None, 'commenter_name': 'Mitch Mitchell', 'commenter_meta': None, 'comment_text': 'Queenie Queenie https://\nyoutu.be/\nBeKDzwhi8nw', 'comment_time': datetime.datetime(2022, 6, 27, 0, 0), 'comment_image': 'https://youtu.be/BeKDzwhi8nw', 'comment_reactors': [], 'comment_reactions': None, 'comment_reaction_count': None}, {'comment_id': '1327708537717843', 'comment_url': 'https://facebook.com/1327708537717843', 'commenter_id': '100008389204522', 'commenter_url': None, 'commenter_name': 'Ï†úÏù∏Ï†úÏù∏', 'commenter_meta': None, 'comment_text': 'Mitch Mitchell me to i got 4shotsbof vaccine buy i got infected but the good thing is half day flu no cough and no fever on little tired thats it.. body steam this is really helpful and Berocca..', 'comment_time': datetime.datetime(2022, 6, 27, 0, 0), 'comment_image': None, 'comment_reactors': [], 'comment_reactions': None, 'comment_reaction_count': None}, {'comment_id': '785264992639781', 'comment_url': 'https://facebook.com/785264992639781', 'commenter_id': '1188439021', 'commenter_url': None, 'commenter_name': 'Elizabeth Cornelius Boyd', 'commenter_meta': None, 'comment_text': 'Istupid Istupid my nostrils are blocked, have to breath through my mouth, it disturbs my sleep, have to try and unblock most of the time\nNever had this issue before', 'comment_time': datetime.datetime(2022, 6, 27, 0, 0), 'comment_image': None, 'comment_reactors': [], 'comment_reactions': None, 'comment_reaction_count': None}, {'comment_id': '1054708071840882', 'comment_url': 'https://facebook.com/1054708071840882', 'commenter_id': '1505528155', 'commenter_url': None, 'commenter_name': 'Istupid Istupid', 'commenter_meta': None, 'comment_text': 'Mitch Mitchell yup. BA.5 can evade vaccines so as to get easily infected. Vaccines are intended to prevent numbers of death or turn into serious illnesses, it doesn‚Äôt stop ppl getting covid. That‚Äôs why masked up is good. It helped.\nOne thing covid does best: dig existing illnesses and make them worsen. Shingles, stroke and etc just one of them.\nStay safe.', 'comment_time': datetime.datetime(2022, 6, 27, 0, 0), 'comment_image': None, 'comment_reactors': [], 'comment_reactions': None, 'comment_reaction_count': None}, {'comment_id': '452758999633222', 'comment_url': 'https://facebook.com/452758999633222', 'commenter_id': '1505528155', 'commenter_url': None, 'commenter_name': 'Istupid Istupid', 'commenter_meta': None, 'comment_text': 'Queenie Queenie Yup, I have bad gastrointestina\nl problems after my booster till now. It shows that if infected, we are most likely get almost same symptoms but stronger.', 'comment_time': datetime.datetime(2022, 6, 27, 0, 0), 'comment_image': None, 'comment_reactors': [], 'comment_reactions': None, 'comment_reaction_count': None}, {'comment_id': '356013740034046', 'comment_url': 'https://facebook.com/356013740034046', 'commenter_id': '1505528155', 'commenter_url': None, 'commenter_name': 'Istupid Istupid', 'commenter_meta': None, 'comment_text': 'Elizabeth Cornelius Boyd Try to moisture your nostril. Buy saline water for nose. But usually last for 3-4 days.', 'comment_time': datetime.datetime(2022, 6, 27, 0, 0), 'comment_image': None, 'comment_reactors': [], 'comment_reactions': None, 'comment_reaction_count': None}, {'comment_id': '747623309772312', 'comment_url': 'https://facebook.com/747623309772312', 'commenter_id': '1505528155', 'commenter_url': None, 'commenter_name': 'Istupid Istupid', 'commenter_meta': None, 'comment_text': 'Mitch Mitchell how old are you? Why you have 4 doses?', 'comment_time': datetime.datetime(2022, 6, 27, 0, 0), 'comment_image': None, 'comment_reactors': [], 'comment_reactions': None, 'comment_reaction_count': None}, {'comment_id': '3835418163350656', 'comment_url': 'https://facebook.com/3835418163350656', 'commenter_id': '100050915382122', 'commenter_url': None, 'commenter_name': 'Danny Yang', 'commenter_meta': None, 'comment_text': 'Mitch Mitchell a lesson to be learned...espec\nially, those pro medical science ppl who believe so much on those man made vaccines.', 'comment_time': datetime.datetime(2022, 6, 27, 0, 0), 'comment_image': None, 'comment_reactors': [], 'comment_reactions': None, 'comment_reaction_count': None}, {'comment_id': '798126894881878', 'comment_url': 'https://facebook.com/798126894881878', 'commenter_id': '100050915382122', 'commenter_url': None, 'commenter_name': 'Danny Yang', 'commenter_meta': None, 'comment_text': 'Ï†úÏù∏Ï†úÏù∏ u shld take those vaccines for yr breakfast, lunch n dinner...guaran\nteed u 101% protection N also, guaranteed u to meet yr Maker faster than ever..at hypersonic speed.', 'comment_time': datetime.datetime(2022, 6, 27, 0, 0), 'comment_image': None, 'comment_reactors': [], 'comment_reactions': None, 'comment_reaction_count': None}, {'comment_id': '759008325410070', 'comment_url': 'https://facebook.com/759008325410070', 'commenter_id': '704227524', 'commenter_url': None, 'commenter_name': 'Bowie Chen', 'commenter_meta': None, 'comment_text': ""Istupid Istupid >Are you immunocompromis\ned?\n>2x Pfizer and 2x Moderna\ni'd say yes"", 'comment_time': datetime.datetime(2022, 6, 27, 0, 0), 'comment_image': None, 'comment_reactors': [], 'comment_reactions': None, 'comment_reaction_count': None}, {'comment_id': '1093468888266195', 'comment_url': 'https://facebook.com/1093468888266195', 'commenter_id': '100010722420672', 'commenter_url': None, 'commenter_name': 'Mitch Mitchell', 'commenter_meta': None, 'comment_text': 'Danny Yang It would have been much worse ‚Äòwithout‚Äô the vaccines üò∑', 'comment_time': datetime.datetime(2022, 6, 27, 0, 0), 'comment_image': None, 'comment_reactors': [], 'comment_reactions': None, 'comment_reaction_count': None}, {'comment_id': '3197302293817364', 'comment_url': 'https://facebook.com/3197302293817364', 'commenter_id': '100010722420672', 'commenter_url': None, 'commenter_name': 'Mitch Mitchell', 'commenter_meta': None, 'comment_text': 'Danny Yang https://\nyoutu.be/\nBeKDzwhi8nw', 'comment_time': datetime.datetime(2022, 6, 27, 0, 0), 'comment_image': 'https://youtu.be/BeKDzwhi8nw', 'comment_reactors': [], 'comment_reactions': None, 'comment_reaction_count': None}, {'comment_id': '762250425229895', 'comment_url': 'https://facebook.com/762250425229895', 'commenter_id': '100050915382122', 'commenter_url': None, 'commenter_name': 'Danny Yang', 'commenter_meta': None, 'comment_text': 'Even top US meducal expert like Dr Fauci who advocate the use of those booster shot, he himself got infected. Where is the logics calling himself as a top medical expert?\nSame as, a cold flu patient came to the clinic to seel treatment for hi flu infection. The GP came to his clinic in the morning where he, himself also having a cold flu. So, the patient being consulted by the GP. Patient asked the GP "" hey Doc, u yourself got a cold flu, can\'t event treat ( cure) yourself, how are u gonna treat ( cure) me?\nThis is called medical science in dealing with any sort of viral infection aka airborne virus infection.', 'comment_time': datetime.datetime(2022, 6, 27, 0, 0), 'comment_image': None, 'comment_reactors': [], 'comment_reactions': None, 'comment_reaction_count': None}, {'comment_id': '391853069615367', 'comment_url': 'https://facebook.com/391853069615367', 'commenter_id': '100050915382122', 'commenter_url': None, 'commenter_name': 'Danny Yang', 'commenter_meta': None, 'comment_text': 'In fact, every clinic\'s got to put up a signage \' we are unable to treat all sort of viral infections..we only able to treat germ derived infection ( diseases).."" LOL..LOL..', 'comment_time': datetime.datetime(2022, 6, 27, 0, 0), 'comment_image': None, 'comment_reactors': [], 'comment_reactions': None, 'comment_reaction_count': None}, {'comment_id': '381135420584198', 'comment_url': 'https://facebook.com/381135420584198', 'commenter_id': '100050915382122', 'commenter_url': None, 'commenter_name': 'Danny Yang', 'commenter_meta': None, 'comment_text': ""This is abt professional ' ethic' ..n not to misled patients."", 'comment_time': datetime.datetime(2022, 6, 27, 0, 0), 'comment_image': None, 'comment_reactors': [], 'comment_reactions': None, 'comment_reaction_count': None}, {'comment_id': '409984547830345', 'comment_url': 'https://facebook.com/409984547830345', 'commenter_id': '829459170', 'commenter_url': None, 'commenter_name': 'Sandra LB', 'commenter_meta': None, 'comment_text': 'Queenie Queenie Well, according to tbe authorities & experts, the benefits of vax outweigh the risk... our side effects are nothing to the govt', 'comment_time': datetime.datetime(2022, 6, 27, 0, 0), 'comment_image': None, 'comment_reactors': [], 'comment_reactions': None, 'comment_reaction_count': None}, {'comment_id': '734113464511425', 'comment_url': 'https://facebook.com/734113464511425', 'commenter_id': '100010722420672', 'commenter_url': None, 'commenter_name': 'Mitch Mitchell', 'commenter_meta': None, 'comment_text': 'Danny Yang I am happy to take the risk ! Living in Beijing for 7 years and suffering the pollution sicknessÔøº I have been allowed to repair my lungs over the 2 year break - nothing much worse than dying from suffocation - I‚Äôm ever grateful to our scientists and experts for whom I have had the pleasure of teaching them to go onto be so successful and become academics and scientists. üéì', 'comment_time': datetime.datetime(2022, 6, 27, 0, 0), 'comment_image': None, 'comment_reactors': [], 'comment_reactions': None, 'comment_reaction_count': None}, {'comment_id': '429081365820666', 'comment_url': 'https://facebook.com/429081365820666', 'commenter_id': '100010722420672', 'commenter_url': None, 'commenter_name': 'Mitch Mitchell', 'commenter_meta': None, 'comment_text': 'Bowie Chen the BA.5 can get past the vaccines - gain of function was creating a biological weapon', 'comment_time': datetime.datetime(2022, 6, 27, 0, 0), 'comment_image': None, 'comment_reactors': [], 'comment_reactions': None, 'comment_reaction_count': None}, {'comment_id': '372706254998032', 'comment_url': 'https://facebook.com/372706254998032', 'commenter_id': '704227524', 'commenter_url': None, 'commenter_name': 'Bowie Chen', 'commenter_meta': None, 'comment_text': 'more like you destroyed your own immune system with the jab https://\nwww.sciencedirec\nt.com/science/\narticle/pii/\nS027869152200206\nX\n\nno refunds', 'comment_time': datetime.datetime(2022, 6, 27, 0, 0), 'comment_image': 'https://www.sciencedirect.com/science/article/pii/S027869152200206X', 'comment_reactors': [], 'comment_reactions': None, 'comment_reaction_count': None}, {'comment_id': '1420623421789193', 'comment_url': 'https://facebook.com/1420623421789193', 'commenter_id': '100010722420672', 'commenter_url': None, 'commenter_name': 'Mitch Mitchell', 'commenter_meta': None, 'comment_text': 'https://\nyoutu.be/\nBeKDzwhi8nw\n\nI already had the rash in January 2020 in Beijing without any vaccines', 'comment_time': datetime.datetime(2022, 6, 27, 0, 0), 'comment_image': 'https://youtu.be/BeKDzwhi8nw', 'comment_reactors': [], 'comment_reactions': None, 'comment_reaction_count': None}, {'comment_id': '711512393271544', 'comment_url': 'https://facebook.com/711512393271544', 'commenter_id': '100010722420672', 'commenter_url': None, 'commenter_name': 'Mitch Mitchell', 'commenter_meta': None, 'comment_text': 'Istupid Istupid I am an academic teacher in Beijing - many countries now consider 4 vaccines to prove fully vaccinated for work visas in capital cities.', 'comment_time': datetime.datetime(2022, 6, 27, 0, 0), 'comment_image': None, 'comment_reactors': [], 'comment_reactions': None, 'comment_reaction_count': None}, {'comment_id': '721032932500684', 'comment_url': 'https://facebook.com/721032932500684', 'commenter_id': '1505528155', 'commenter_url': None, 'commenter_name': 'Istupid Istupid', 'commenter_meta': None, 'comment_text': 'Mitch Mitchell oh ok. I thought only three.', 'comment_time': datetime.datetime(2022, 6, 27, 0, 0), 'comment_image': None, 'comment_reactors': [], 'comment_reactions': None, 'comment_reaction_count': None}, {'comment_id': '1216306422490206', 'comment_url': 'https://facebook.com/1216306422490206', 'commenter_id': '1188439021', 'commenter_url': None, 'commenter_name': 'Elizabeth Cornelius Boyd', 'commenter_meta': None, 'comment_text': 'Going for my follow up at Polyclinic, will inform the doctor about my breathing problem', 'comment_time': datetime.datetime(2022, 6, 27, 0, 0), 'comment_image': None, 'comment_reactors': [], 'comment_reactions': None, 'comment_reaction_count': None}, {'comment_id': '1053525265271538', 'comment_url': 'https://facebook.com/1053525265271538', 'commenter_id': '100050915382122', 'commenter_url': None, 'commenter_name': 'Danny Yang', 'commenter_meta': None, 'comment_text': ""Mitch Mitchell can't be.. since u are a pro medical science person n a believer of those vaccines...u shld take more booster shots..eg..havi\nng those vaccines for breakfast, lunch n dinner..surely provides u 1001 % protection...n surely u go away faster at hypersonic speed to meet your Maker."", 'comment_time': datetime.datetime(2022, 6, 27, 0, 0), 'comment_image': None, 'comment_reactors': [], 'comment_reactions': None, 'comment_reaction_count': None}]"
611087423565555,https://facebook.com/611087423565555,100010045396448,,Farish Fatin,,"Nah nope, back to square 1 i see.",2022-06-27 00:00:00,,[],,,[]
780293099661559,https://facebook.com/780293099661559,100007479996020,,Gwen Goh,,Gwen Goh,2022-06-27 00:00:00,https://media1.tenor.co/images/873d7b6f63bd33a4388a2a172e4353f9/tenor.gif?ver=1112&c=VjFfZmFjZWJvb2tfd2ViY29tbWVudHM&itemid=23832058,[],,,[]
3305698936368410,https://facebook.com/3305698936368410,100000175550214,,HuiLi Peh,,HuiLi Peh,2022-06-27 00:00:00,https://media0.giphy.com/media/EKDGlXqALQUOQ/giphy.gif?cid=120c01471h6upy9f6vdmouyz8tg258tdlluq56ym56lxea0o&rid=giphy.gif&ct=g,[],,,[]
2859918850819098,https://facebook.com/2859918850819098,100004447391545,,Leon Aralled,,Leon Aralled,2022-06-27 00:00:00,https://media1.tenor.co/images/a1ecb6128199932fffe19f6633b9d7c7/tenor.gif?c=VjFfZmFjZWJvb2tfd2ViY29tbWVudHM&itemid=15937676,[],,,[]
448269650174764,https://facebook.com/448269650174764,690382278,,Priscilia Zhuang,,I have my third booster done on 20 Dec 2021 and I got my first covid positive on 03/03/2022 and recover 06/03/2022. And now I just recover from my second time of Covid which I tested positive on 05/07/2022. üòìüòìüòì So can I go for booster???,2022-06-27 00:00:00,,[],,,"[{'comment_id': '558910362621671', 'comment_url': 'https://facebook.com/558910362621671', 'commenter_id': '704227524', 'commenter_url': None, 'commenter_name': 'Bowie Chen', 'commenter_meta': None, 'comment_text': '>3 jabs\n>still catch it\nlol\nlmao', 'comment_time': datetime.datetime(2022, 6, 27, 0, 0), 'comment_image': None, 'comment_reactors': [], 'comment_reactions': None, 'comment_reaction_count': None}]"
714478429811456,https://facebook.com/714478429811456,100024577680501,,Kelvin Chan,,No,2022-06-27 00:00:00,,[],,,[]
1508364899621012,https://facebook.com/1508364899621012,1108555013,,Mike Tan,,"Anyone who keeps on buying from the same shop that sold defective products over and over again must be either an addict, or an idiot.",2022-06-27 00:00:00,,[],,,"[{'comment_id': '594403338874190', 'comment_url': 'https://facebook.com/594403338874190', 'commenter_id': '100050915382122', 'commenter_url': None, 'commenter_name': 'Danny Yang', 'commenter_meta': None, 'comment_text': ""Mike Tan stupidity at its best!!!goes to those pro medical science ppl n our Sg's MOH.\nNow, our MOH, not so eager to reveal to the public with their daily report. MOH is trying to play down this infection issue."", 'comment_time': datetime.datetime(2022, 6, 27, 0, 0), 'comment_image': None, 'comment_reactors': [], 'comment_reactions': None, 'comment_reaction_count': None}, {'comment_id': '603224227804362', 'comment_url': 'https://facebook.com/603224227804362', 'commenter_id': '100050915382122', 'commenter_url': None, 'commenter_name': 'Danny Yang', 'commenter_meta': None, 'comment_text': ""By keep buying those useless n dangerous, beside dealing health from the vaccination, our Country's Reserve gone to oversea. That may weaken our currencies...n those millions or billion wont be coming back or create jobs for Singaporean.\nOne got to knows this...our govy can spend 10 billions on local projects..cos those 10 billions will create jobs n govt will be taxing those profits..in another words, those 10 billions, most of it will remain in Sg.\nWe cannot afford or to avoid 1 billion flowing out of our country. Cos, the 1 billion wont be creating jobs, winy e coming back, wont be circulante in our market n govt unable to taxes their profits.\nUnfortunately, seem our MOH is too happy to keep ordering those useless n dangerous vaccine...later\narrival were those non mRNA vaccines...\nWonder how many millions spent on this dangerous n useless vaccine?"", 'comment_time': datetime.datetime(2022, 6, 27, 0, 0), 'comment_image': None, 'comment_reactors': [], 'comment_reactions': None, 'comment_reaction_count': None}, {'comment_id': '413153487527872', 'comment_url': 'https://facebook.com/413153487527872', 'commenter_id': '1108555013', 'commenter_url': None, 'commenter_name': 'Mike Tan', 'commenter_meta': None, 'comment_text': 'Danny Yang https://\nwww.google.com/\namp/s/\nsg.finance.yahoo\n.com/amphtml/\nnews/\nsingapore-seeks-\nto-rebuild-coff\ners-after-s-199\n-billion-covid-\nfight-020746113\n.html', 'comment_time': datetime.datetime(2022, 6, 27, 0, 0), 'comment_image': 'https://www.google.com/amp/s/sg.finance.yahoo.com/amphtml/news/singapore-seeks-to-rebuild-coffers-after-s-199-billion-covid-fight-020746113.html', 'comment_reactors': [], 'comment_reactions': None, 'comment_reaction_count': None}, {'comment_id': '442881701016993', 'comment_url': 'https://facebook.com/442881701016993', 'commenter_id': '100074802063291', 'commenter_url': None, 'commenter_name': 'Joo Tay', 'commenter_meta': None, 'comment_text': 'Is there a vaccine to cure stupidity? The policy makers needs it', 'comment_time': datetime.datetime(2022, 6, 27, 0, 0), 'comment_image': None, 'comment_reactors': [], 'comment_reactions': None, 'comment_reaction_count': None}]"
799174988159815,https://facebook.com/799174988159815,100002719433624,,Zhameer Shah,,Humans have become so dumb.,2022-06-27 00:00:00,,[],,,[]
